FID;koord_x;koord_y;nm_inf;kewenangan;luas_ha;jenis_di;bgn_utm;provinsi;MIN;MAX;RANGE;MEAN;STD;SUM
0;120,3559976;-3,76910182;D.I. Awo;Pusat Sulawesi Selatan;5304;Daerah Irigasi;D.I. Awo;Sulawesi Selatan;1,899999976;3,349999905;1,449999928;3,168682569;0,193809867;15273,04998
1;120,3457002;-3,36634394;D.I. Bajo;Pusat Sulawesi Selatan;5020;Daerah Irigasi;D.I. Bajo;Sulawesi Selatan;2;3,349999905;1,349999905;3,050576846;0,236248231;14014,35003
2;119,5930662;-4,98615943;D.I. Bantimurung;Pusat Sulawesi Selatan;5114;Daerah Irigasi;D.I. Bantimurung;Sulawesi Selatan;1,850000024;3,549999952;1,699999928;3,076147085;0,227883837;14682,45004
3;120,1195859;-5,53103912;D.I. Bayang Bayang;Pusat Sulawesi Selatan;2782;Daerah Irigasi;D.I. Bayang Bayang;Sulawesi Selatan;1,700000048;3,200000048;1,5;2,917183899;0,208848133;7613,849977
4;120,0177203;-3,9283896;D.I. Bila Kalola;Pusat Sulawesi Selatan;9702;Daerah Irigasi;D.I. Bila Kalola;Sulawesi Selatan;2,049999952;3,349999905;1,299999952;3,228085156;0,159804866;29637,04982
5;119,4450718;-5,36884063;D.I. Bissua;Pusat Sulawesi Selatan;11620;Daerah Irigasi;D.I. Bissua;Sulawesi Selatan;1,600000024;3,349999905;1,749999881;2,891332295;0,357364311;29688,2
6;120,2299158;-5,47904857;D.I. Bontomanai;Pusat Sulawesi Selatan;3159;Daerah Irigasi;D.I. Bontomanai;Sulawesi Selatan;1,649999976;3,299999952;1,649999976;2,931274334;0,271423263;8280,849994
7;119,9674231;-3,88015202;D.I. Bulucenrana;Pusat Sulawesi Selatan;5335;Daerah Irigasi;D.I. Bulucenrana;Sulawesi Selatan;2,099999905;3,349999905;1,25;3,229036676;0,127426448;16458,39994
8;119,4262621;-5,28447857;D.I. Kampili;Pusat Sulawesi Selatan;10443;Daerah Irigasi;D.I. Kampili;Sulawesi Selatan;1,5;3,349999905;1,849999905;2,929331798;0,30051412;28013,19998
9;120,4982734;-2,62932628;D.I. Kanjiro;Pusat Sulawesi Selatan;5529;Daerah Irigasi;D.I. Kanjiro;Sulawesi Selatan;2,049999952;3,299999952;1,25;3,053502046;0,220981642;15084,30011
10;119,7900548;-5,61753777;D.I. Kelara Karalloe;Pusat Sulawesi Selatan;4490;Daerah Irigasi;D.I. Kelara Karalloe;Sulawesi Selatan;1,549999952;3,049999952;1,5;2,634212459;0,176514973;10837,15006
11;120,189997;-2,84419148;D.I. Lamasi;Pusat Sulawesi Selatan;10180;Daerah Irigasi;D.I. Lamasi;Sulawesi Selatan;1,75;3,5;1,75;3,195168652;0,218856828;29363,59991
12;119,9321312;-4,39007573;D.I. Langkemme;Pusat Sulawesi Selatan;6406;Daerah Irigasi;D.I. Langkemme;Sulawesi Selatan;1,950000048;3,349999905;1,399999857;3,151498243;0,210432691;18931,04995
13;119,5961072;-5,06000947;D.I. Lekopancing;Pusat Sulawesi Selatan;2381;Daerah Irigasi;D.I. Lekopancing;Sulawesi Selatan;1,899999976;3,549999952;1,649999976;3,052372112;0,265297473;6562,600042
14;120,3154088;-3,22881508;D.I. Padang Sappa;Pusat Sulawesi Selatan;3918;Daerah Irigasi;D.I. Padang Sappa;Sulawesi Selatan;1,950000048;3,299999952;1,349999905;3,125449357;0,137277513;11476,65004
15;120,3493985;-4,5379652;D.I. Palakka;Pusat Sulawesi Selatan;3371;Daerah Irigasi;D.I. Palakka;Sulawesi Selatan;1,549999952;3,349999905;1,799999952;2,939200389;0,270203925;9226,15002
16;119,4948225;-5,43083749;D.I. Pamukkulu;Pusat Sulawesi Selatan;3849;Daerah Irigasi;D.I. Pamukkulu;Sulawesi Selatan;1,75;3,299999952;1,549999952;3,042883155;0,316891256;10860,04998
17;120,3380481;-4,62567507;D.I. Pattiro;Pusat Sulawesi Selatan;4671;Daerah Irigasi;D.I. Pattiro;Sulawesi Selatan;1,850000024;3,299999952;1,449999928;3,06822606;0,166520521;13871,45002
18;120,0348222;-4,84190025;D.I. Ponre Ponre;Pusat Sulawesi Selatan;3948;Daerah Irigasi;D.I. Ponre Ponre;Sulawesi Selatan;1,850000024;3,349999905;1,499999881;2,89644339;0,326010047;9772,599997
19;120,0778051;-4,92884124;D.I. Sanrego;Pusat Sulawesi Selatan;4699;Daerah Irigasi;D.I. Sanrego;Sulawesi Selatan;1,850000024;3,349999905;1,499999881;3,0488131;0,278162077;13228,80004
20;119,5679719;-4,78997317;D.I. Tabo Tabo;Pusat Sulawesi Selatan;6630;Daerah Irigasi;D.I. Tabo Tabo;Sulawesi Selatan;2;3,599999905;1,599999905;3,090148312;0,274027328;17502,60004
21;119,9066571;-4,31839343;D.I. Tinco;Pusat Sulawesi Selatan;2889;Daerah Irigasi;D.I. Tinco;Sulawesi Selatan;2,25;3,349999905;1,099999905;3,229618849;0,167573783;8897,599928
22;120,8286268;-2,53203618;D.I. Kalaena;Pusat Sulawesi Selatan;12868;Daerah Irigasi;D.I. Kalaena;Sulawesi Selatan;1,950000048;3,299999952;1,349999905;3,046176161;0,198454393;34692,9003
23;105,7978927;-5,26190862;D.I. Way Curup;Pusat Lampung;3534;Daerah Irigasi;D.I. Way Curup;Lampung;1,649999976;3,099999905;1,449999928;2,934230639;0,195372884;9591,999958
24;105,7437183;-5,19793889;D.I. Way Jepara;Pusat Lampung;4071;Daerah Irigasi;D.I. Way Jepara;Lampung;1,75;3,099999905;1,349999905;2,839478204;0,26816134;9904,099975
25;119,4778561;-3,48371501;D.I. Paku;Pusat Sulawesi Selatan;276;Daerah Irigasi;D.I. Paku;Sulawesi Selatan;1,950000048;3,299999952;1,349999905;3,045098036;0,310163598;776,4999993
26;119,8445116;-3,87375991;D.I. Bulutimorang;Pusat Sulawesi Selatan;4658;Daerah Irigasi;D.I. Bulutimorang;Sulawesi Selatan;2,299999952;3,349999905;1,049999952;3,173623089;0,135300166;14347,94999
27;119,7056338;-3,83519523;D.I. Saddang;Pusat Sulawesi Selatan;54717;Daerah Irigasi;D.I. Saddang;Sulawesi Selatan;1,799999952;3,400000095;1,600000143;3,169840557;0,19031248;164223,0996
28;104,765956;-4,827258;D.I. Bumi Agung;Pusat Lampung;69;Daerah Irigasi;D.I. Bumi Agung;Lampung;2,049999952;3,25;1,200000048;2,793181815;0,389724698;122,8999999
29;105,7509974;-5,52667155;D.I. Jabung Kiri;Pusat Lampung;4304;Daerah Irigasi;D.I. Jabung Kiri;Lampung;1,950000048;3,150000095;1,200000048;2,963528507;0,165209735;11741,49994
30;105,3242037;-5,23482129;D.I. Way Kandis II;Pusat Lampung;1540;Daerah Irigasi;D.I. Way Kandis II;Lampung;1,950000048;3,349999905;1,399999857;2,913590181;0,348845178;3440,950004
31;105,2397921;-4,87146869;D.I. Way Seputih;Pusat Lampung;10742;Daerah Irigasi;D.I. Way Seputih;Lampung;1,799999952;3,349999905;1,549999952;2,969846602;0,312634457;27488,90015
32;109,2022474;-6,93343249;D.I. Cacaban;Pusat - Jawa Tengah;6407;Daerah Irigasi;D.I. Cacaban;Jawa Tengah;1,649999976;3,400000095;1,750000119;2,763556997;0,380343652;16144,69998
33;104,7937507;-4,75637163;D.I. Way Tulung Mas;Pusat Lampung;121;Daerah Irigasi;D.I. Way Tulung Mas;Lampung;2,099999905;3,25;1,150000095;2,89761906;0,360712339;243,400001
34;105,056797;-4,68531801;D.I. Way Rarem;Pusat Lampung;7797;Daerah Irigasi;D.I. Way Rarem;Lampung;1,899999976;3,349999905;1,449999928;3,006339196;0,31920702;20013,20003
35;105,3581907;-5,02055996;D.I. Way Sekampung;Pusat Lampung;48941;Daerah Irigasi;D.I. Way Sekampung;Lampung;1,700000048;3,400000095;1,700000048;2,935246526;0,321241243;129309,3505
36;104,927893;-4,96067443;D.I. Way Pangubuan;Pusat Lampung;1941;Daerah Irigasi;D.I. Way Pangubuan;Lampung;2,099999905;3,400000095;1,300000191;3,039649881;0,323138303;4948,550006
37;104,9251372;-5,36294609;D.I. Way Tebu Sistem;Pusat Lampung;3442;Daerah Irigasi;D.I. Way Tebu Sistem;Lampung;1,899999976;3,400000095;1,500000119;3,052036192;0,330058468;8768,499979
38;104,510878;-4,77837111;D.I. Way Umpu;Pusat Lampung;2174;Daerah Irigasi;D.I. Way Umpu;Lampung;1,899999976;3,299999952;1,399999976;2,628017492;0,416591936;4507,049998
39;105,6664147;-5,54886566;D.I. Jabung Kanan;Pusat Lampung;7543;Daerah Irigasi;D.I. Jabung Kanan;Lampung;1,850000024;3,150000095;1,300000072;3,018011083;0,140589273;21774,94996
40;109,4603848;-7,43376558;D.I. Banjarcahyana;Pusat - Jawa Tengah;3697;Daerah Irigasi;D.I. Banjarcahyana;Jawa Tengah;1,950000048;3,599999905;1,649999857;3,034710743;0,411684186;9914,399996
41;110,158658;-6,93578181;D.I. Bodri;Pusat - Jawa Tengah;8844;Daerah Irigasi;D.I. Bodri;Jawa Tengah;1,549999952;3,400000095;1,850000143;2,842198323;0,353088058;23388,45
42;109,9777318;-7,82040225;D.I. Boro;Pusat - Jawa Tengah;5328;Daerah Irigasi;D.I. Boro;Jawa Tengah;1,899999976;3,400000095;1,500000119;3,092001604;0,239646659;15463,10002
43;110,9189291;-7,56541542;D.I. Colo;Pusat - Jawa Tengah;21050;Daerah Irigasi;D.I. Colo;Jawa Tengah;1,75;3,400000095;1,650000095;2,843759671;0,254360541;55186,00018
44;109,4688269;-6,88352395;D.I. Comal;Pusat - Jawa Tengah;8556;Daerah Irigasi;D.I. Comal;Jawa Tengah;1,600000024;3,549999952;1,949999928;2,78662176;0,305213473;22964,54992
45;111,0739928;-7,10809078;D.I. Dumpil;Pusat - Jawa Tengah;5519;Daerah Irigasi;D.I. Dumpil;Jawa Tengah;2,049999952;3,349999905;1,299999952;3,009389619;0,283758348;15432,14997
46;111,0323334;-6,75190785;D.I. Gembong;Pusat - Jawa Tengah;4538;Daerah Irigasi;D.I. Gembong;Jawa Tengah;2,099999905;3,349999905;1,25;3,112669392;0,290343204;12861,54993
47;110,6389121;-6,98222471;D.I. Glapan;Pusat - Jawa Tengah;19028;Daerah Irigasi;D.I. Glapan;Jawa Tengah;1,450000048;3,400000095;1,950000048;3,09038609;0,284478898;56430,45
48;109,1148674;-6,99385839;D.I. Gung;Pusat - Jawa Tengah;6302;Daerah Irigasi;D.I. Gung;Jawa Tengah;1,850000024;3,549999952;1,699999928;2,932322882;0,372935405;16928,3
49;111,0618156;-6,6910695;D.I. Gunung Rowo;Pusat - Jawa Tengah;3691;Daerah Irigasi;D.I. Gunung Rowo;Jawa Tengah;1,799999952;3,349999905;1,549999952;2,995524547;0,329947667;10307,59997
50;110,5742774;-7,02243875;D.I. Jragung;Pusat - Jawa Tengah;3929;Daerah Irigasi;D.I. Jragung;Jawa Tengah;1,700000048;3,400000095;1,700000048;3,016788514;0,283375505;11140,99998
51;109,5281402;-6,92642209;D.I. Kaliwadas;Pusat - Jawa Tengah;6356;Daerah Irigasi;D.I. Kaliwadas;Jawa Tengah;1,600000024;3,549999952;1,949999928;2,881041204;0,370435405;16989,49998
52;110,0560158;-6,9359009;D.I. Kedung Asem;Pusat - Jawa Tengah;4223;Daerah Irigasi;D.I. Kedung Asem;Jawa Tengah;1,700000048;3,400000095;1,700000048;3,023371645;0,268821031;11836,49999
53;109,969089;-7,74214793;D.I. Kedung Putri;Pusat - Jawa Tengah;3854;Daerah Irigasi;D.I. Kedung Putri;Jawa Tengah;1,899999976;3,549999952;1,649999976;3,121683226;0,277986992;10682,4
54;110,8048651;-6,8604712;D.I. Klambu;Pusat - Jawa Tengah;36498;Daerah Irigasi;D.I. Klambu;Jawa Tengah;1,649999976;3,349999905;1,699999928;3,13278184;0,220459163;111624,1497
55;109,0710573;-7,03965818;D.I. Kumisik;Pusat - Jawa Tengah;3641;Daerah Irigasi;D.I. Kumisik;Jawa Tengah;1,899999976;3,650000095;1,750000119;3,003254602;0,30580652;10427,29998
56;109,7055494;-6,93302922;D.I. Kupang Krompeng;Pusat - Jawa Tengah;2178;Daerah Irigasi;D.I. Kupang Krompeng;Jawa Tengah;1,549999952;3,400000095;1,850000143;2,871002574;0,417259112;5584,100007
57;110,9334381;-6,82812118;D.I. Logung;Pusat - Jawa Tengah;1888;Daerah Irigasi;D.I. Logung;Jawa Tengah;2;3,349999905;1,349999905;2,988279007;0,323263897;5226,499983
58;108,8052786;-7,54980021;D.I. Manganti;Pusat - Jawa Tengah;25869;Daerah Irigasi;D.I. Manganti;Jawa Tengah;1,5;3,700000048;2,200000048;3,045538197;0,333706977;74469,49999
59;108,9823853;-6,93946445;D.I. Pemali;Pusat - Jawa Tengah;25692;Daerah Irigasi;D.I. Pemali;Jawa Tengah;1,799999952;3,400000095;1,600000143;3,006525164;0,24133294;74504,70008
60;109,6139858;-6,90884047;D.I. Pesantren Kletak;Pusat - Jawa Tengah;3322;Daerah Irigasi;D.I. Pesantren Kletak;Jawa Tengah;1,5;3,400000095;1,900000095;2,78120485;0,378215679;8471,549972
61;110,2122228;-7,49894943;"D.I. Progo Manggis-Kalibening

DI Progo Manggis";Pusat - Jawa Tengah;1874;Daerah Irigasi;"D.I. Progo Manggis-Kalibening

DI Progo Manggis";Jawa Tengah;1,799999952;3,5;1,700000048;2,759105059;0,392357411;3545,450001
62;109,2846748;-6,91748493;D.I. Rambut;Pusat - Jawa Tengah;7631;Daerah Irigasi;D.I. Rambut;Jawa Tengah;1,75;3,400000095;1,650000095;3,001977855;0,275941991;22235,64997
63;110,7540336;-6,99422122;D.I. Sedadi;Pusat - Jawa Tengah;15494;Daerah Irigasi;D.I. Sedadi;Jawa Tengah;2,049999952;3,349999905;1,299999952;3,122632735;0,214482091;46695,84992
64;111,589973;-6,87121123;D.I. Semen Krinjo;Pusat - Jawa Tengah;363;Daerah Irigasi;D.I. Semen Krinjo;Jawa Tengah;1,850000024;3,099999905;1,249999881;2,560074635;0,27394165;1715,250005
65;109,5401892;-7,63308328;D.I. Waduk Sempor;Pusat - Jawa Tengah;6236;Daerah Irigasi;D.I. Waduk Sempor;Jawa Tengah;1,649999976;3,599999905;1,949999928;2,932949829;0,309550186;16952,45001
66;109,221083;-7,63938654;D.I. Serayu;Pusat - Jawa Tengah;22333;Daerah Irigasi;D.I. Serayu;Jawa Tengah;1,600000024;3,700000048;2,100000024;2,980731006;0,321347676;60592,29989
67;110,8755647;-7,12074492;D.I. Sidorejo;Pusat - Jawa Tengah;7811;Daerah Irigasi;D.I. Sidorejo;Jawa Tengah;2,049999952;3,349999905;1,299999952;3,097498982;0,237696779;22912,19997
68;109,5637188;-7,43947701;D.I. Singomerto;Pusat - Jawa Tengah;4113;Daerah Irigasi;D.I. Singomerto;Jawa Tengah;1,850000024;3,650000095;1,800000072;3,057132307;0,353662067;10351,44999
69;109,5465254;-6,99114332;D.I. Sragi;Pusat - Jawa Tengah;3004;Daerah Irigasi;D.I. Sragi;Jawa Tengah;1,75;3,400000095;1,650000095;2,93688609;0,260621632;8431,799963
70;109,406898;-6,91792603;D.I. Sungapan;Pusat - Jawa Tengah;6803;Daerah Irigasi;D.I. Sungapan;Jawa Tengah;1,600000024;3,5;1,899999976;2,994262679;0,312891881;18944,69997
71;109,118054;-7,51330524;D.I. Tajum;Pusat - Jawa Tengah;3543;Daerah Irigasi;D.I. Tajum;Jawa Tengah;2,099999905;3,599999905;1,5;3,31500154;0,280124362;10717,39998
72;109,7320645;-7,73121854;D.I. Waduk Wadaslintang;Pusat - Jawa Tengah;29104;Daerah Irigasi;D.I. Waduk Wadaslintang;Jawa Tengah;1,5;3,5;2;2,818212419;0,330715146;77030,20004
73;108,8268109;-6,90373904;D.I. Waduk Malahayu;Pusat - Jawa Tengah;13332;Daerah Irigasi;D.I. Waduk Malahayu;Jawa Tengah;1,75;3,400000095;1,650000095;2,966924593;0,288439541;37576,09998
74;115,2054112;-8,60165849;D.I. Tukad Ayung;Pusat Bali;4995;Daerah Irigasi;D.I. Tukad Ayung;Bali;1,600000024;3,200000048;1,600000024;2,600438701;0,392054655;10669,59999
75;115,2699295;-8,50349731;D.I. Tukad Oos;Pusat Bali;2562;Daerah Irigasi;D.I. Tukad Oos;Bali;1,700000048;3,349999905;1,649999857;2,747642926;0,367954653;5478,799994
76;115,3120532;-8,5010766;D.I. Tukad Pekerisan;Pusat Bali;2053;Daerah Irigasi;D.I. Tukad Pekerisan;Bali;1,649999976;3,349999905;1,699999928;2,681649614;0,382675782;4194,099996
77;115,1684419;-8,5004917;D.I. Tukad Penet;Pusat Bali;3237;Daerah Irigasi;D.I. Tukad Penet;Bali;1,5;3,349999905;1,849999905;2,667170975;0,360975125;7316,049984
78;115,2985162;-8,52238716;D.I. Tukad Petanu;Pusat Bali;3105;Daerah Irigasi;D.I. Tukad Petanu;Bali;1,600000024;3,349999905;1,749999881;2,627414201;0,401680749;6584,299988
79;115,1527551;-8,52314632;D.I. Tukad Sungi;Pusat Bali;3067;Daerah Irigasi;D.I. Tukad Sungi;Bali;1,549999952;3,349999905;1,799999952;2,692575008;0,37904037;7089,549997
80;115,4278284;-8,50045251;D.I. Tukad Unda;Pusat Bali;2806;Daerah Irigasi;D.I. Tukad Unda;Bali;1,549999952;3,450000048;1,900000095;2,419010756;0,350532455;5624,200008
81;115,0925297;-8,47000656;D.I. Tukad Yeh Hoo;Pusat Bali;5520;Daerah Irigasi;D.I. Tukad Yeh Hoo;Bali;1,600000024;3,450000048;1,850000024;2,678999995;0,378042083;11787,59998
82;114,9388263;-8,23347247;D.I. Tukad Saba;Pusat Bali;2340;Daerah Irigasi;D.I. Tukad Saba;Bali;1,75;3,200000048;1,450000048;2,325835264;0,303786376;4037,650018
83;115,1512387;-8,14138905;D.I. Tukad Penarukan-Buwus;Pusat Bali;2060;Daerah Irigasi;D.I. Tukad Penarukan-Buwus;Bali;1,549999952;3,150000095;1,600000143;2,285426779;0,332877982;3293,299989
84;97,23938604;4,99754766;D.I. Alue Ubay;Pusat Aceh;4696;Daerah Irigasi;D.I. Alue Ubay;Aceh;1,700000048;3,150000095;1,450000048;2,56052514;0,475362413;11555,64996
85;95,93847282;5,29995842;D.I. Baro Raya;Pusat Aceh;12449;Daerah Irigasi;D.I. Baro Raya;Aceh;1,5;3,349999905;1,849999905;3,01350051;0,279866523;35390,54999
86;97,43075576;5,08235774;D.I. Jambo Aye Langkahan;Pusat Aceh;24707;Daerah Irigasi;D.I. Jambo Aye Langkahan;Aceh;1,649999976;3,150000095;1,500000119;2,84719706;0,322935336;68261,54951
87;96,97610755;5,19373667;D.I. Jamuan;Pusat Aceh;5152;Daerah Irigasi;D.I. Jamuan;Aceh;1,700000048;3,150000095;1,450000048;2,866548473;0,292815847;12532,54993
88;96,33193656;4,18234657;D.I. Jeuram;Pusat Aceh;7602;Daerah Irigasi;D.I. Jeuram;Aceh;1,899999976;3,5;1,600000024;2,645304342;0,480577632;18731,40004
89;95,44638833;5,48187839;D.I. Krueng Aceh/ Leubok;Pusat Aceh;7754;Daerah Irigasi;D.I. Krueng Aceh/ Leubok;Aceh;1,450000048;3,099999905;1,649999857;2,695580828;0,332739115;18726,20001
90;95,41081364;5,43753749;D.I. Krueng Jrue/Keuliling;Pusat Aceh;4970;Daerah Irigasi;D.I. Krueng Jrue/Keuliling;Aceh;1,549999952;3,299999952;1,75;2,71158845;0,317342398;12307,89997
91;97,23312946;5,08305566;D.I. Krueng Pase;Pusat Aceh;8785;Daerah Irigasi;D.I. Krueng Pase;Aceh;1,450000048;3,150000095;1,700000048;2,913502516;0,220091616;23648,89992
92;96,14682779;4,27552517;D.I. Lhok Guci;Pusat Aceh;13025;Daerah Irigasi;D.I. Lhok Guci;Aceh;1,799999952;3,5;1,700000048;2,326390794;0,354534808;28812,34999
93;96,74541581;5,20503409;D.I. Pante Lhong;Pusat Aceh;5743;Daerah Irigasi;D.I. Pante Lhong;Aceh;1,399999976;3,150000095;1,750000119;2,591928035;0,344770124;13470,25
94;95,84783473;5,37749524;D.I. Rajui;Pusat Aceh;3509;Daerah Irigasi;D.I. Rajui;Aceh;1,700000048;3,25;1,549999952;2,527535768;0,463156993;8297,899926
95;96,83128898;3,74147358;D.I. Susoh;Pusat Aceh;4146;Daerah Irigasi;D.I. Susoh;Aceh;1,850000024;3,549999952;1,699999928;3,216599196;0,307733939;11917,50002
96;96,00848659;5,25577189;D.I. Krueng Tiro;Pusat Aceh;6461;Daerah Irigasi;D.I. Krueng Tiro;Aceh;1,600000024;3,349999905;1,749999881;3,060385635;0,301495718;18490,85
97;98,76198774;3,69411151;D.I. Bandar Sidoras;Pusat - BWS Sumatera II (Sumut);2485;Daerah Irigasi;D.I. Bandar Sidoras;Sumatera Utara;2,25;3,349999905;1,099999905;3,125935485;0,158047345;7267,800003
98;99,46213305;1,03357342;D.I. Batang Angkola;Pusat - BWS Sumatera II (Sumut);5431;Daerah Irigasi;D.I. Batang Angkola;Sumatera Utara;1,799999952;3,299999952;1,5;2,748518674;0,354315693;13544,70003
99;99,39014002;0,40150507;D.I. Batang Batahan;Pusat - BWS Sumatera II (Sumut);523;Daerah Irigasi;D.I. Batang Batahan;Sumatera Utara;1,899999976;3,299999952;1,399999976;2,221509442;0,278905515;11774,00004
100;99,39014002;0,40150507;D.I. Batang Batahan;Pusat - BWS Sumatera II (Sumut);523;Daerah Irigasi;D.I. Batang Batahan;Sumatera Utara;1,899999976;3,299999952;1,399999976;2,221509442;0,278905515;11774,00004
101;99,53485008;0,85989853;D.I. Batang Gadis;Pusat - BWS Sumatera II (Sumut);2439;Daerah Irigasi;D.I. Batang Gadis;Sumatera Utara;2,049999952;3,549999952;1,5;2,559139782;0,314759212;5235,999995
102;99,63154718;1,48155649;D.I. Batang Ilung;Pusat - BWS Sumatera II (Sumut);1171;Daerah Irigasi;D.I. Batang Ilung;Sumatera Utara;1,700000048;3,299999952;1,599999905;2,699571277;0,403527899;2518,700001
103;99,27692018;3,08253688;D.I. Kerasaan;Pusat - BWS Sumatera II (Sumut);1355;Daerah Irigasi;D.I. Kerasaan;Sumatera Utara;1,75;3,349999905;1,599999905;2,980008827;0,333916418;3376,350001
104;98,48103511;3,51651863;D.I. Namu Sira-sira;Pusat - BWS Sumatera II (Sumut);2179;Daerah Irigasi;D.I. Namu Sira-sira;Sumatera Utara;1,950000048;3,299999952;1,349999905;2,813308777;0,306477766;5348,099985
105;99,37976487;3,31103578;D.I. Perkotaan;Pusat - BWS Sumatera II (Sumut);1206;Daerah Irigasi;D.I. Perkotaan;Sumatera Utara;1,850000024;3,349999905;1,499999881;3,065584421;0,254405506;3068,650005
106;98,96087732;3,52681365;D.I. Sungai Ular;Pusat - BWS Sumatera II (Sumut);5924;Daerah Irigasi;D.I. Sungai Ular;Sumatera Utara;2,099999905;3,349999905;1,25;3,160038344;0,205659132;16479,59997
107;99,34929819;1,26839678;D.I. Paya Sordang;Pusat - BWS Sumatera II (Sumut);2964;Daerah Irigasi;D.I. Paya Sordang;Sumatera Utara;1,950000048;3,349999905;1,399999857;2,982686751;0,310220411;8226,250059
108;99,13187263;3,41748911;D.I. Sei Belutu;Pusat - BWS Sumatera II (Sumut);3358;Daerah Irigasi;D.I. Sei Belutu;Sumatera Utara;2,049999952;3,299999952;1,25;3,191232751;0,138113802;10173,65001
109;104,6563556;-4,09793415;D.I. Komering;Pusat Sumatera Selatan;83150;Daerah Irigasi;D.I. Komering;Sumatera Selatan;1,649999976;3,400000095;1,750000119;2,797978104;0,468522382;228955,7502
110;103,0589306;-3,84607946;D.I. Lintang Kiri;Pusat Sumatera Selatan;3360;Daerah Irigasi;D.I. Lintang Kiri;Sumatera Selatan;1,850000024;3,299999952;1,449999928;2,32525727;0,355242131;7682,65002
111;105,8425193;-6,77183998;D.I. Cibaliung;Pusat Banten;3695;Daerah Irigasi;D.I. Cibaliung;Banten;1,799999952;3,400000095;1,600000143;2,981096809;0,271991486;9730,299984
112;106,4397133;-6,18930341;D.I. Cidurian;Pusat Banten;7312;Daerah Irigasi;D.I. Cidurian;Banten;1,450000048;3,200000048;1,75;2,490294204;0,354328345;15574,29995
113;102,9890295;-3,83212578;D.I. Lintang Kanan;Pusat Sumatera Selatan;3803;Daerah Irigasi;D.I. Lintang Kanan;Sumatera Selatan;1,850000024;3,299999952;1,449999928;2,574032134;0,456375717;9773,600014
114;105,8464247;-6,55580436;D.I. Ciliman;Pusat Banten;5338;Daerah Irigasi;D.I. Ciliman;Banten;1,850000024;3,5;1,649999976;3,056439773;0,256696132;14997,94997
115;106,5118018;-6,07938755;D.I. Cisadane;Pusat Banten;21000;Daerah Irigasi;D.I. Cisadane;Banten;1,350000024;3,200000048;1,850000024;2,546147165;0,306621657;49927,39977
116;106,318927;-6,10670336;D.I. Ciujung;Pusat Banten;14357;Daerah Irigasi;D.I. Ciujung;Banten;1,350000024;3,200000048;1,850000024;2,673328639;0,255238168;36108,64992
117;117,4806552;-8,5274134;D.I. Batu Bulan;BWS Nusa Tenggara I - NTB;5608;Daerah Irigasi;D.I. Batu Bulan;Nusa Tenggara Barat;1,75;3,099999905;1,349999905;2,781159128;0,280035649;14347,99994
118;103,3601666;-4,0771009;D.I. Muara Riben;Pusat Sumatera Selatan;3098;Daerah Irigasi;D.I. Muara Riben;Sumatera Selatan;1,850000024;3,299999952;1,449999928;2,334591719;0,348471262;7204,550046
119;116,2002365;-8,72480033;D.I. Batujai;BWS Nusa Tenggara I - NTB;2991;Daerah Irigasi;D.I. Batujai;Nusa Tenggara Barat;1,75;3,200000048;1,450000048;2,705616526;0,345988073;7394,449965
120;116,325247;-8,72724092;D.I. Jurang Batu;BWS Nusa Tenggara I - NTB;3044;Daerah Irigasi;D.I. Jurang Batu;Nusa Tenggara Barat;1,600000024;3,150000095;1,550000072;2,607114258;0,376665835;7164,349982
121;103,2761705;-4,09641912;D.I. Lematang;Pusat Sumatera Selatan;2929;Daerah Irigasi;D.I. Lematang;Sumatera Selatan;1,899999976;3,299999952;1,399999976;2,296962932;0,28522928;6693,349985
122;102,9670452;-2,99533237;D.I. Air Lakitan;Pusat Sumatera Selatan;14439;Daerah Irigasi;D.I. Air Lakitan;Sumatera Selatan;1,850000024;3,25;1,399999976;2,228044984;0,217258306;31500,09998
123;102,9585224;-3,14812318;D.I. Kelingi Tugu Mulyo;Pusat Sumatera Selatan;6577;Daerah Irigasi;D.I. Kelingi Tugu Mulyo;Sumatera Selatan;1,700000048;3,299999952;1,599999905;2,685897225;0,334240177;16045,55002
124;102,7580036;-3,84427711;D.I. Air Keruh;Pusat Sumatera Selatan;3723;Daerah Irigasi;D.I. Air Keruh;Sumatera Selatan;1,75;3,150000095;1,400000095;2,47813278;0,396048571;8958,449999
125;116,2439585;-8,69863773;D.I. Jurang Sate Hilir;BWS Nusa Tenggara I - NTB;5659;Daerah Irigasi;D.I. Jurang Sate Hilir;Nusa Tenggara Barat;1,549999952;3,150000095;1,600000143;2,520547401;0,36169236;12708,6
126;116,3948799;-8,78362852;D.I. Katon Kompleks;BWS Nusa Tenggara I - NTB;6816;Daerah Irigasi;D.I. Katon Kompleks;Nusa Tenggara Barat;1,549999952;3,150000095;1,600000143;2,759736258;0,244993204;17474,64998
127;118,460361;-8,53531043;D.I. Katua Kompleks;BWS Nusa Tenggara I - NTB;2524;Daerah Irigasi;D.I. Katua Kompleks;Nusa Tenggara Barat;1,75;3,200000048;1,450000048;2,598176104;0,348735097;6196,650008
128;117,5672942;-8,5683956;D.I. Mamak-Kakiang;BWS Nusa Tenggara I - NTB;5054;Daerah Irigasi;D.I. Mamak-Kakiang;Nusa Tenggara Barat;1,799999952;3,099999905;1,299999952;2,818663633;0,24189093;13056,04995
129;116,3191819;-8,78828903;D.I. Mujur II;BWS Nusa Tenggara I - NTB;3233;Daerah Irigasi;D.I. Mujur II;Nusa Tenggara Barat;1,549999952;3,150000095;1,600000143;2,706127993;0,241110847;8456,649978
130;116,4779446;-8,74184995;D.I. Pandanduri-Swangi;BWS Nusa Tenggara I - NTB;4608;Daerah Irigasi;D.I. Pandanduri-Swangi;Nusa Tenggara Barat;1,600000024;3,150000095;1,550000072;2,726345229;0,351151975;11450,64996
131;118,6719989;-8,62256236;D.I. Pelaparado;BWS Nusa Tenggara I - NTB;4396;Daerah Irigasi;D.I. Pelaparado;Nusa Tenggara Barat;1,649999976;3,099999905;1,449999928;2,764743118;0,258603596;11570,44995
132;116,1172165;-8,68251384;D.I. Pengga;BWS Nusa Tenggara I - NTB;3052;Daerah Irigasi;D.I. Pengga;Nusa Tenggara Barat;1,850000024;3,299999952;1,449999928;2,786240237;0,347589526;7492,199998
133;116,1213;-8,63627943;D.I. Remening Kompleks;BWS Nusa Tenggara I - NTB;1860;Daerah Irigasi;D.I. Remening Kompleks;Nusa Tenggara Barat;1,649999976;3,450000048;1,800000072;2,69942354;0,33357521;4448,649994
134;116,254506;-8,77071255;D.I. Surabaya;BWS Nusa Tenggara I - NTB;2992;Daerah Irigasi;D.I. Surabaya;Nusa Tenggara Barat;1,549999952;3,150000095;1,600000143;2,71681833;0,255320944;7761,949968
135;116,5868686;-8,57942863;D.I. Tanggik Kompleks;BWS Nusa Tenggara I - NTB;1993;Daerah Irigasi;D.I. Tanggik Kompleks;Nusa Tenggara Barat;1,700000048;3,25;1,549999952;2,346176096;0,327945182;3650,650006
136;116,2971007;-8,62769582;D.I. Gde Bongoh Kompleks;BWS Nusa Tenggara I - NTB;2226;Daerah Irigasi;D.I. Gde Bongoh Kompleks;Nusa Tenggara Barat;1,799999952;3,25;1,450000048;2,455263156;0,374843284;4151,849996
137;116,2255937;-8,63188042;D.I. Jurang Sate Hulu;BWS Nusa Tenggara I - NTB;2722;Daerah Irigasi;D.I. Jurang Sate Hulu;Nusa Tenggara Barat;1,799999952;3,25;1,450000048;2,325464251;0,34171844;5009,049998
138;116,5102269;-8,59698493;D.I. Belimbing Kompleks;BWS Nusa Tenggara I - NTB;2481;Daerah Irigasi;D.I. Belimbing Kompleks;Nusa Tenggara Barat;1,799999952;3,25;1,450000048;2,253732131;0,256256997;4257,299995
139;118,5960669;-8,51294844;D.I. Mada Pangga Kompleks;BWS Nusa Tenggara I - NTB;3431;Daerah Irigasi;D.I. Mada Pangga Kompleks;Nusa Tenggara Barat;1,600000024;3,150000095;1,550000072;2,702260837;0,266951223;8785,049981
140;118,3611106;-8,53093659;D.I. Rababaka Kompleks;BWS Nusa Tenggara I - NTB;3159;Daerah Irigasi;D.I. Rababaka Kompleks;Nusa Tenggara Barat;1,850000024;3,099999905;1,249999881;2,746635768;0,279958804;8000,949992
141;115,4280137;-2,54892971;D.I. Batang Alai;Pusat - BWS Kalimantan II;4999;Daerah Irigasi;D.I. Batang Alai;Kalimantan Selatan;1,75;3,349999905;1,599999905;2,687134364;0,380521254;11299,4
142;115,2660162;-2,80724773;D.I. Amandit;Pusat - BWS Kalimantan II;2508;Daerah Irigasi;D.I. Amandit;Kalimantan Selatan;1,850000024;3,299999952;1,449999928;2,673029047;0,386265589;5797,800003
143;113,3859928;-8,21791747;D.I. Bondoyudo;Pusat - Jawa Timur;11725;Daerah Irigasi;D.I. Bondoyudo;Jawa Timur;1,75;3,349999905;1,599999905;2,435640673;0,364449126;27181,74991
144;112,6288415;-7,44627608;D.I. Delta Brantas;Pusat - Jawa Timur;17687;Daerah Irigasi;D.I. Delta Brantas;Jawa Timur;1,350000024;3,200000048;1,850000024;2,620632367;0,265769185;43140,85003
145;115,9184761;-3,33120605;D.I. Batu Licin;Pusat - BWS Kalimantan II;104;Daerah Irigasi;D.I. Batu Licin;Kalimantan Selatan;1,899999976;3,200000048;1,300000072;2,477472524;0,301576767;225,4499997
146;115,4915192;-2,43221366;D.I. Pitap;Pusat - BWS Kalimantan II;1647;Daerah Irigasi;D.I. Pitap;Kalimantan Selatan;1,799999952;3,299999952;1,5;2,508692583;0,344828616;3549,800005
147;115,1159859;-2,97484249;D.I. Tapin;Pusat - BWS Kalimantan II;3012;Daerah Irigasi;D.I. Tapin;Kalimantan Selatan;1,850000024;3,299999952;1,449999928;2,866234916;0,355168048;8077,049993
148;115,3104971;-2,73131738;D.I. Telaga Langsat;Pusat - BWS Kalimantan II;2314;Daerah Irigasi;D.I. Telaga Langsat;Kalimantan Selatan;1,950000048;3,299999952;1,349999905;2,76465766;0,337958875;5733,899987
149;114,7071916;-3,4073813;D.I. Riam Kanan;Pusat - BWS Kalimantan II;22016;Daerah Irigasi;D.I. Riam Kanan;Kalimantan Selatan;1,649999976;3,349999905;1,699999928;2,678012541;0,287951608;55959,75007
150;110,1561374;-7,81217939;D.I. Kalibawang;Pusat - BBWS Serayu-Opak;4950;Daerah Irigasi;D.I. Kalibawang;Daerah Istimewa Yogyakarta;1,799999952;3,5;1,700000048;2,84123298;0,358120923;11683,15001
151;110,3129205;-7,762775;D.I. Karangtalun;Pusat - BBWS Serayu-Opak;3301;Daerah Irigasi;D.I. Karangtalun;Daerah Istimewa Yogyakarta;1,899999976;3,400000095;1,500000119;2,73068553;0,343626366;7528,500006
152;110,4886401;-7,73213542;D.I. Tuk Kuning;Pusat - BBWS Serayu-Opak;214;Daerah Irigasi;D.I. Tuk Kuning;Daerah Istimewa Yogyakarta;2,200000048;3,400000095;1,200000048;2,998684196;0,357115041;455,7999978
153;111,4868569;-7,7890127;D.I. Asin Bawah;Pusat - Jawa Timur;4806;Daerah Irigasi;D.I. Asin Bawah;Jawa Timur;1,950000048;3,349999905;1,399999857;2,813334111;0,208463008;12100,15001
154;114,2105071;-7,75736576;D.I. Banyuputih;Pusat - Jawa Timur;3259;Daerah Irigasi;D.I. Banyuputih;Jawa Timur;1,700000048;3,099999905;1,399999857;2,424729769;0,325815214;7402,699986
155;114,2135873;-8,50083847;D.I. Baru;Pusat - Jawa Timur;13311;Daerah Irigasi;D.I. Baru;Jawa Timur;1,299999952;3,150000095;1,850000143;2,322339995;0,349271022;28810,94998
156;113,5425508;-8,31839537;D.I. Bedadung;Pusat - Jawa Timur;12234;Daerah Irigasi;D.I. Bedadung;Jawa Timur;1,600000024;3,150000095;1,550000072;2,655988058;0,293016228;31114,90009
157;112,3923475;-7,0514934;D.I. Bengawan Jero;Pusat - Jawa Timur;11293;Daerah Irigasi;D.I. Bengawan Jero;Jawa Timur;1,100000024;3,150000095;2,050000072;2,225559484;0,420265031;24563,50002
158;112,0941554;-7,06209153;D.I. Beron;Pusat - Jawa Timur;4164;Daerah Irigasi;D.I. Beron;Jawa Timur;1,799999952;3,150000095;1,350000143;2,691153481;0,176451355;11012,20004
159;112,3423985;-7,15165386;D.I. Gondang;Pusat - Jawa Timur;9351;Daerah Irigasi;D.I. Gondang;Jawa Timur;1,5;3,200000048;1,700000048;2,780507162;0,277615999;25055,15004
160;113,3412203;-8,1614917;D.I. Jatiroto;Pusat - Jawa Timur;4296;Daerah Irigasi;D.I. Jatiroto;Jawa Timur;1,649999976;3,400000095;1,750000119;2,66523016;0,349477849;11348,55002
161;111,3994222;-7,64464009;D.I. Jejeruk;Pusat - Jawa Timur;4279;Daerah Irigasi;D.I. Jejeruk;Jawa Timur;1,899999976;3,400000095;1,500000119;2,81562337;0,310814914;10840,14997
162;114,2920299;-8,5365328;D.I. K (Setail);Pusat - Jawa Timur;6616;Daerah Irigasi;D.I. K (Setail);Jawa Timur;1,350000024;3,049999952;1,699999928;2,270175576;0,376741199;14740,25001
163;112,6202008;-8,1189543;D.I. Is Kedung Kandang;Pusat - Jawa Timur;4061;Daerah Irigasi;D.I. Is Kedung Kandang;Jawa Timur;1,950000048;3,450000048;1,5;2,586180831;0,332147512;10096,44997
164;112,0282751;-8,10961799;D.I. Lodoyo;Pusat - Jawa Timur;11874;Daerah Irigasi;D.I. Lodoyo;Jawa Timur;1,600000024;3,5;1,899999976;2,568704834;0,354938648;26655,45007
165;112,3892791;-7,43792508;D.I. Menturus;Pusat - Jawa Timur;2929;Daerah Irigasi;D.I. Menturus;Jawa Timur;1,649999976;3,25;1,600000024;2,653244901;0,229531878;7399,900028
166;112,5198784;-8,14999539;D.I. Is Molek;Pusat - Jawa Timur;2384;Daerah Irigasi;D.I. Is Molek;Jawa Timur;1,75;3,5;1,75;2,761171908;0,373144471;6055,249995
167;112,1691493;-7,5898288;D.I. Mrican;Pusat - Jawa Timur;37594;Daerah Irigasi;D.I. Mrican;Jawa Timur;1,450000048;3,349999905;1,899999857;2,558325425;0,272232082;91542,00035
168;112,0215373;-7,16175419;D.I. Pacal;Pusat - Jawa Timur;19118;Daerah Irigasi;D.I. Pacal;Jawa Timur;1,75;3,200000048;1,450000048;2,65867232;0,193704242;49020,60024
169;112,4739146;-7,56949182;D.I. Padi Pomahan;Pusat - Jawa Timur;4022;Daerah Irigasi;D.I. Padi Pomahan;Jawa Timur;1,600000024;3,299999952;1,699999928;2,448481183;0,328252516;9108,350002
170;113,3265843;-7,82201577;D.I. Pekalen;Pusat - Jawa Timur;5186;Daerah Irigasi;D.I. Pekalen;Jawa Timur;1,700000048;3,150000095;1,450000048;2,392224554;0,315015785;11398,95
171;113,3823666;-8,30416107;D.I. Pondok Waluh;Pusat - Jawa Timur;6364;Daerah Irigasi;D.I. Pondok Waluh;Jawa Timur;1,549999952;3,150000095;1,600000143;2,546966463;0,320660789;15490,65003
172;114,1241409;-8,37930722;D.I. Porolinggo;Pusat - Jawa Timur;3338;Daerah Irigasi;D.I. Porolinggo;Jawa Timur;1,549999952;3,349999905;1,799999952;2,711038753;0,435327684;8325,600012
173;114,1320276;-7,77104052;D.I. Sampean Baru;Pusat - Jawa Timur;9296;Daerah Irigasi;D.I. Sampean Baru;Jawa Timur;1,649999976;3,099999905;1,449999928;2,38825104;0,34126425;20510,29993
174;114,0025373;-7,6873122;D.I. Sampean Lama;Pusat - Jawa Timur;10443;Daerah Irigasi;D.I. Sampean Lama;Jawa Timur;1,399999976;3,25;1,850000024;2,497683678;0,252965564;24477,30005
175;111,6145832;-6,87284956;D.I. Semen Krinjo;Pusat - Jawa Timur;717;Daerah Irigasi;D.I. Semen Krinjo;Jawa Timur;1,850000024;3,099999905;1,249999881;2,560074635;0,27394165;1715,250005
176;114,1887884;-8,39799166;D.I. Setail Teknik;Pusat - Jawa Timur;4521;Daerah Irigasi;D.I. Setail Teknik;Jawa Timur;1,649999976;3,150000095;1,500000119;2,482869011;0,405617662;10159,89999
177;111,4794628;-7,55891296;D.I. Sim;Pusat - Jawa Timur;10392;Daerah Irigasi;D.I. Sim;Jawa Timur;1,850000024;3,400000095;1,550000072;2,84696279;0,196589309;28073,90007
178;112,2388285;-7,67529762;D.I. Siman;Pusat - Jawa Timur;17027;Daerah Irigasi;D.I. Siman;Jawa Timur;1,450000048;3,299999952;1,849999905;2,418005507;0,318181004;38709,85017
179;111,4189571;-7,87814324;D.I. Sungkur;Pusat - Jawa Timur;2673;Daerah Irigasi;D.I. Sungkur;Jawa Timur;1,899999976;3,400000095;1,500000119;2,769101836;0,235739314;6443,699973
180;113,6476865;-8,30054261;D.I. Talang;Pusat - Jawa Timur;8478;Daerah Irigasi;D.I. Talang;Jawa Timur;1,649999976;3,150000095;1,500000119;2,527624933;0,326838716;20486,40008
181;111,9120216;-7,54818576;D.I. Waduk Bening;Pusat - Jawa Timur;8912;Daerah Irigasi;D.I. Waduk Bening;Jawa Timur;1,600000024;3,200000048;1,600000024;2,619821297;0,232005782;22575,00012
182;112,1983573;-7,17741677;D.I. Wd. Prijetan;Pusat - Jawa Timur;4555;Daerah Irigasi;D.I. Wd. Prijetan;Jawa Timur;1,850000024;3,200000048;1,350000024;2,836134851;0,238609995;12620,80009
183;111,5246329;-7,46277247;D.I. Waduk Pondok;Pusat - Jawa Timur;3135;Daerah Irigasi;D.I. Waduk Pondok;Jawa Timur;2,049999952;3,349999905;1,299999952;2,847126642;0,122563531;8521,450041
184;100,775141;-0,46681723;D.I. Batang Sinamar;Pusat Sumatera Barat;3069;Daerah Irigasi;D.I. Batang Sinamar;Sumatera Barat;1,600000024;3,25;1,649999976;2,126888343;0,317753608;6363,649921
185;99,53079944;0,22778624;D.I. Batang Bayang;Pusat Sumatera Barat;6173;Daerah Irigasi;D.I. Batang Bayang;Sumatera Barat;1,799999952;3,299999952;1,5;2,243021181;0,234815214;13772,15005
186;100,8814463;-1,91330461;D.I. Lubuk Buaya;Pusat Sumatera Barat;3004;Daerah Irigasi;D.I. Lubuk Buaya;Sumatera Barat;1,700000048;3,349999905;1,649999857;2,316807439;0,301349064;6857,75002
187;101,0343355;-2,12775197;D.I. Malapang Ampang Tulak;Pusat Sumatera Barat;4407;Daerah Irigasi;D.I. Malapang Ampang Tulak;Sumatera Barat;1,850000024;3,299999952;1,449999928;2,235599637;0,295935032;9749,450017
188;100,2496224;-0,70804655;D.I. Batang Anai;Pusat Sumatera Barat;13608;Daerah Irigasi;D.I. Batang Anai;Sumatera Barat;1,950000048;3,549999952;1,599999905;2,740640031;0,408129781;36483,40009
189;101,047737;-2,23051809;D.I. Kumbung;Pusat Sumatera Barat;6497;Daerah Irigasi;D.I. Kumbung;Sumatera Barat;1,75;3,299999952;1,549999952;2,202140419;0,261653391;14146,55005
190;100,0265539;-0,31109106;D.I. Antokan;Pusat Sumatera Barat;3855;Daerah Irigasi;D.I. Antokan;Sumatera Barat;2;3,549999952;1,549999952;2,525361158;0,313775817;9439,800009
191;108,5504336;-7,32159502;D.I. Bantarheulang;Pusat Jabar;405;Daerah Irigasi;D.I. Bantarheulang;Jawa Barat;1,850000024;3,5;1,649999976;2,832842793;0,286837277;3946,15001
192;108,5738027;-7,31703104;D.I. Bantarheulang;Pusat Jabar;597;Daerah Irigasi;D.I. Bantarheulang;Jawa Barat;1,850000024;3,5;1,649999976;2,832842793;0,286837277;3946,15001
193;108,5623593;-7,34524794;D.I. Bantarheulang;Pusat Jabar;482;Daerah Irigasi;D.I. Bantarheulang;Jawa Barat;1,850000024;3,5;1,649999976;2,832842793;0,286837277;3946,15001
194;107,266542;-6,83864561;D.I. Cihea;Pusat Jabar;5114;Daerah Irigasi;D.I. Cihea;Jawa Barat;1,549999952;3,400000095;1,850000143;2,990363796;0,295813571;13809,50001
195;106,6334871;-7,29488703;D.I. Cikarangeusan;Pusat Jabar;1686;Daerah Irigasi;D.I. Cikarangeusan;Jawa Barat;1,950000048;3,549999952;1,599999905;2,668088889;0,377329079;3001,6
196;108,7546638;-6,86817403;D.I. Cikeusik;Pusat Jabar;5808;Daerah Irigasi;D.I. Cikeusik;Jawa Barat;1,799999952;3,400000095;1,600000143;2,896943198;0,280203674;16063,55003
197;108,1075252;-7,32685896;D.I. Cikunten I;Pusat Jabar;3014;Daerah Irigasi;D.I. Cikunten I;Jawa Barat;2;3,650000095;1,650000095;2,795431254;0,379638193;6546,899997
198;108,2142007;-7,37843654;D.I. Cikunten II;Pusat Jabar;2105;Daerah Irigasi;D.I. Cikunten II;Jawa Barat;2,049999952;3,599999905;1,549999952;3,142661787;0,356662702;8158,35
199;108,1664286;-7,36974151;D.I. Cikunten II;Pusat Jabar;1169;Daerah Irigasi;D.I. Cikunten II;Jawa Barat;2,049999952;3,599999905;1,549999952;3,142661787;0,356662702;8158,35
200;107,811634;-6,50410829;D.I. Cileleuy;Pusat Jabar;4387;Daerah Irigasi;D.I. Cileleuy;Jawa Barat;1,700000048;3,400000095;1,700000048;3,13096487;0,28683533;11324,69993
201;106,4892972;-7,30962355;D.I. Ciletuh;Pusat Jabar;3613;Daerah Irigasi;D.I. Ciletuh;Jawa Barat;1,899999976;3,5;1,600000024;2,772780628;0,421009305;7558,599993
202;107,1120467;-6,41550347;D.I. Cipamingkis;Pusat Jabar;2874;Daerah Irigasi;D.I. Cipamingkis;Jawa Barat;1,700000048;3,400000095;1,700000048;2,80029167;0,375176698;10081,05001
203;101,7377907;-1,06980805;D.I. Batang Hari;Pusat Sumatera Barat;18435;Daerah Irigasi;D.I. Batang Hari;Sumatera Barat;1,75;3,450000048;1,700000048;2,407700428;0,341105439;42226,25011
204;99,82817287;0,1081372;D.I. Batang Tongar;Pusat Sumatera Barat;6409;Daerah Irigasi;D.I. Batang Tongar;Sumatera Barat;2,099999905;3,549999952;1,450000048;2,455294404;0,201401038;15303,85002
205;99,37369205;0,36379561;D.I. Batang Batahan;Pusat Sumatera Barat;5258;Daerah Irigasi;D.I. Batang Batahan;Sumatera Barat;1,899999976;3,299999952;1,399999976;2,221509442;0,278905515;11774,00004
206;100,476066;-1,2286636;D.I. Sawah Laweh Tarusan;Pusat Sumatera Barat;3179;Daerah Irigasi;D.I. Sawah Laweh Tarusan;Sumatera Barat;1,549999952;3,5;1,950000048;2,473734069;0,391694745;7572,099985
207;100,9456503;-2,07704829;D.I. Batang Inderapura;Pusat Sumatera Barat;6035;Daerah Irigasi;D.I. Batang Inderapura;Sumatera Barat;1,850000024;3,299999952;1,449999928;2,322934789;0,37843455;13891,15004
208;100,0755138;0,42168452;D.I. Panti Rao;Pusat Sumatera Barat;9124;Daerah Irigasi;D.I. Panti Rao;Sumatera Barat;1,950000048;3,5;1,549999952;2,813304845;0,471127171;25342,25004
209;107,0898533;-6,47038654;D.I. Cipamingkis;Pusat Jabar;1228;Daerah Irigasi;D.I. Cipamingkis;Jawa Barat;1,700000048;3,400000095;1,700000048;2,80029167;0,375176698;10081,05001
210;108,1357876;-6,37518641;D.I. Cipanas II;Pusat Jabar;1820;Daerah Irigasi;D.I. Cipanas II;Jawa Barat;1,700000048;3,349999905;1,649999857;2,871664729;0,326278778;4950,749993
211;107,9576193;-6,44993569;D.I. Cipancuh;Pusat Jabar;7791;Daerah Irigasi;D.I. Cipancuh;Jawa Barat;2,049999952;3,400000095;1,350000143;3,224461738;0,144065283;24412,39982
212;108,3591115;-6,66501261;D.I. Ciwaringin;Pusat Jabar;1258;Daerah Irigasi;D.I. Ciwaringin;Jawa Barat;1,850000024;3,400000095;1,550000072;2,961449084;0,249575708;12997,80003
213;108,3062871;-6,61508186;D.I. Ciwaringin;Pusat Jabar;214;Daerah Irigasi;D.I. Ciwaringin;Jawa Barat;1,850000024;3,400000095;1,550000072;2,961449084;0,249575708;12997,80003
214;108,3319638;-6,68162914;D.I. Ciwaringin;Pusat Jabar;3244;Daerah Irigasi;D.I. Ciwaringin;Jawa Barat;1,850000024;3,400000095;1,550000072;2,961449084;0,249575708;12997,80003
215;107,1399542;-6,16362348;D.I. Jatiluhur;Pusat Jabar;46981;Daerah Irigasi;D.I. Jatiluhur;Jawa Barat;1,450000048;3,400000095;1,950000048;2,883423439;0,254759491;609567,2486
216;107,9962575;-6,35297129;D.I. Jatiluhur;Pusat Jabar;22398;Daerah Irigasi;D.I. Jatiluhur;Jawa Barat;1,450000048;3,400000095;1,950000048;2,883423439;0,254759491;609567,2486
217;107,3710172;-6,20510341;D.I. Jatiluhur;Pusat Jabar;93909;Daerah Irigasi;D.I. Jatiluhur;Jawa Barat;1,450000048;3,400000095;1,950000048;2,883423439;0,254759491;609567,2486
218;107,7418925;-6,33632997;D.I. Jatiluhur;Pusat Jabar;55100;Daerah Irigasi;D.I. Jatiluhur;Jawa Barat;1,450000048;3,400000095;1,950000048;2,883423439;0,254759491;609567,2486
219;108,2432206;-6,6781919;D.I. Kamun;Pusat Jabar;3187;Daerah Irigasi;D.I. Kamun;Jawa Barat;1,799999952;3,400000095;1,600000143;3,133372069;0,24982069;9431,449927
220;108,6553431;-7,41207458;D.I. Lakbok Utara;Pusat Jabar;4770;Daerah Irigasi;D.I. Lakbok Utara;Jawa Barat;1,850000024;3,650000095;1,800000072;2,984328227;0,342061756;17347,89998
221;108,6203465;-7,37645083;D.I. Lakbok Utara;Pusat Jabar;1402;Daerah Irigasi;D.I. Lakbok Utara;Jawa Barat;1,850000024;3,650000095;1,800000072;2,984328227;0,342061756;17347,89998
222;107,7734356;-6,48927753;D.I. Leuwinangka;Pusat Jabar;3418;Daerah Irigasi;D.I. Leuwinangka;Jawa Barat;1,700000048;3,400000095;1,700000048;3,039553475;0,313685929;9121,699979
223;108,4335458;-6,60204868;D.I. Rentang;Pusat Jabar;20334;Daerah Irigasi;D.I. Rentang;Jawa Barat;1,700000048;3,549999952;1,849999905;3,069672374;0,267963134;238366,1992
224;108,3080415;-6,45123549;D.I. Rentang;Pusat Jabar;59942;Daerah Irigasi;D.I. Rentang;Jawa Barat;1,700000048;3,549999952;1,849999905;3,069672374;0,267963134;238366,1992
225;108,264757;-6,63764862;D.I. Rentang;Pusat Jabar;633;Daerah Irigasi;D.I. Rentang;Jawa Barat;1,700000048;3,549999952;1,849999905;3,069672374;0,267963134;238366,1992
226;108,6604221;-6,84634844;D.I. Seuseupan;Pusat Jabar;4008;Daerah Irigasi;D.I. Seuseupan;Jawa Barat;1,899999976;3,400000095;1,500000119;2,937464386;0,226288517;11341,54999
227;124,0356115;0,56718632;D.I. Kosinggolan;Pusat - BWS Sulawesi I (Sulut);5235;Daerah Irigasi;D.I. Kosinggolan;Sulawesi Utara;1,899999976;3,349999905;1,449999928;2,726994606;0,412490132;13637,70003
228;123,5938919;0,86244821;D.I. Sangkub;Pusat - BWS Sulawesi I (Sulut);3681;Daerah Irigasi;D.I. Sangkub;Sulawesi Utara;1,399999976;3,299999952;1,899999976;2,296304783;0,354991548;8016,399999
229;123,9941929;0,57713373;D.I. Toraut;Pusat - BWS Sulawesi I (Sulut);7352;Daerah Irigasi;D.I. Toraut;Sulawesi Utara;1,950000048;3,349999905;1,399999857;2,803460568;0,434243114;20050,34998
230;124,3512608;0,71932545;D.I. Dataran Kotamobagu;Pusat - BWS Sulawesi I (Sulut);3535;Daerah Irigasi;D.I. Dataran Kotamobagu;Sulawesi Utara;1,75;3,400000095;1,650000095;2,339335294;0,313641129;7918,649969
231;106,3967329;-2,93185318;D.I. Rias;Pusat - BWS Sumatera VIII (Babel);1905;Daerah Irigasi;D.I. Rias;Bangka Belitung;1,850000024;3,299999952;1,449999928;2,899880634;0,332020902;8502,450017
232;106,415462;-2,95512613;D.I. Rias;Pusat - BWS Sumatera VIII (Babel);1101;Daerah Irigasi;D.I. Rias;Bangka Belitung;1,850000024;3,299999952;1,449999928;2,899880634;0,332020902;8502,450017
233;102,1311063;-3,39699498;D.I. Air Lais Kuro Tidur;Pusat - BWS Sumatera VII (Bengkulu);5726;Daerah Irigasi;D.I. Air Lais Kuro Tidur;Bengkulu;1,700000048;3,099999905;1,399999857;2,005504969;0,097970697;11676,04993
234;102,1491259;-3,38024936;D.I. Air Lais Kuro Tidur;Pusat - BWS Sumatera VII (Bengkulu);290;Daerah Irigasi;D.I. Air Lais Kuro Tidur;Bengkulu;1,700000048;3,099999905;1,399999857;2,005504969;0,097970697;11676,04993
235;108,2297203;-2,93169021;D.I. Selingsing;Pusat - BWS Sumatera VIII (Babel);2019;Daerah Irigasi;D.I. Selingsing;Bangka Belitung;1,549999952;3,299999952;1,75;2,481338709;0,350498692;7692,149997
236;103,0310946;-4,42894431;D.I. Air Nipis Seginim;Pusat - BWS Sumatera VII (Bengkulu);839;Daerah Irigasi;D.I. Air Nipis Seginim;Bengkulu;1,75;3,299999952;1,549999952;2,711196607;0,443942458;8632,449997
237;103,0270407;-4,4306767;D.I. Air Nipis Seginim;Pusat - BWS Sumatera VII (Bengkulu);2525;Daerah Irigasi;D.I. Air Nipis Seginim;Bengkulu;1,75;3,299999952;1,549999952;2,711196607;0,443942458;8632,449997
238;102,5349461;-4,10524912;D.I. Air Seluma;Pusat - BWS Sumatera VII (Bengkulu);5645;Daerah Irigasi;D.I. Air Seluma;Bengkulu;1,899999976;3,299999952;1,399999976;2,324102532;0,308546495;15731,85004
239;102,5489103;-4,10262823;D.I. Air Seluma;Pusat - BWS Sumatera VII (Bengkulu);1404;Daerah Irigasi;D.I. Air Seluma;Bengkulu;1,899999976;3,299999952;1,399999976;2,324102532;0,308546495;15731,85004
240;108,2138499;-2,96226737;D.I. Selingsing;Pusat - BWS Sumatera VIII (Babel);1140;Daerah Irigasi;D.I. Selingsing;Bangka Belitung;1,549999952;3,299999952;1,75;2,481338709;0,350498692;7692,149997
241;102,7938597;-4,29498666;D.I. Air Alas;Pusat - BWS Sumatera VII (Bengkulu);1296;Daerah Irigasi;D.I. Air Alas;Bengkulu;1,75;3,299999952;1,549999952;2,314887063;0,390746587;5636,749998
242;102,7901931;-4,30896281;D.I. Air Alas;Pusat - BWS Sumatera VII (Bengkulu);1288;Daerah Irigasi;D.I. Air Alas;Bengkulu;1,75;3,299999952;1,549999952;2,314887063;0,390746587;5636,749998
243;102,2478147;-3,14625861;D.I. Air Ketahun;Pusat - BWS Sumatera VII (Bengkulu);3457;Daerah Irigasi;D.I. Air Ketahun;Bengkulu;1,75;3,299999952;1,549999952;2,742728095;0,355799754;9108,600004
244;101,1423678;-2,47367928;D.I. Manjuto;Pusat - BWS Sumatera VII (Bengkulu);7839;Daerah Irigasi;D.I. Manjuto;Bengkulu;1,850000024;3,299999952;1,449999928;2,352908112;0,378460689;21966,75013
245;101,1515052;-2,45972534;D.I. Manjuto;Pusat - BWS Sumatera VII (Bengkulu);1727;Daerah Irigasi;D.I. Manjuto;Bengkulu;1,850000024;3,299999952;1,449999928;2,352908112;0,378460689;21966,75013
246;121,8448143;0,50380554;D.I. Randangan;Pusat - BWS Sulawesi II (Gorontalo);7957;Daerah Irigasi;D.I. Randangan;Gorontalo;1,899999976;3,299999952;1,399999976;2,513394688;0,378559492;19664,80004
247;122,5336739;0,6944391;D.I. Paguyaman;Pusat - BWS Sulawesi II (Gorontalo);6880;Daerah Irigasi;D.I. Paguyaman;Gorontalo;1,850000024;3,299999952;1,449999928;2,746465862;0,290890404;17096,74999
248;123,0823991;0,57603503;D.I. Lomaya Alale Pilohayanga;Pusat - BWS Sulawesi II (Gorontalo);3948;Daerah Irigasi;D.I. Lomaya Alale Pilohayanga;Gorontalo;1,399999976;3,150000095;1,750000119;2,602951244;0,34012693;9128,550013
249;122,9081185;0,61077013;D.I. Alopohu;Pusat - BWS Sulawesi II (Gorontalo);3166;Daerah Irigasi;D.I. Alopohu;Gorontalo;1,450000048;3,099999905;1,649999857;2,574771431;0,232669164;7603,300037
250;102,669301;-2,35087295;D.I. Batang Asai;Pusat - BWS Sumatera VI (Jambi);5912;Daerah Irigasi;D.I. Batang Asai;Jambi;1,799999952;3,299999952;1,5;2,282014825;0,29381015;14769,19995
251;102,6610458;-2,36638268;D.I. Batang Asai;Pusat - BWS Sumatera VI (Jambi);618;Daerah Irigasi;D.I. Batang Asai;Jambi;1,799999952;3,299999952;1,5;2,282014825;0,29381015;14769,19995
252;101,374684;-1,99404607;D.I. Siulak Deras;Pusat - BWS Sumatera VI (Jambi);310;Daerah Irigasi;D.I. Siulak Deras;Jambi;1,700000048;3,349999905;1,649999857;2,835352195;0,275624319;13927,24998
253;101,3804762;-2,00573128;D.I. Siulak Deras;Pusat - BWS Sumatera VI (Jambi);4847;Daerah Irigasi;D.I. Siulak Deras;Jambi;1,700000048;3,349999905;1,649999857;2,835352195;0,275624319;13927,24998
254;101,4594472;-2,07575151;D.I. Sei Batang Sangkir;Pusat - BWS Sumatera VI (Jambi);336;Daerah Irigasi;D.I. Sei Batang Sangkir;Jambi;1,75;3,349999905;1,599999905;2,953764738;0,324175366;11023,45
255;101,4554177;-2,08182975;D.I. Sei Batang Sangkir;Pusat - BWS Sumatera VI (Jambi);3524;Daerah Irigasi;D.I. Sei Batang Sangkir;Jambi;1,75;3,349999905;1,599999905;2,953764738;0,324175366;11023,45
256;102,6440202;-2,41959805;D.I. Limun Singkut;Pusat - BWS Sumatera VI (Jambi);1038;Daerah Irigasi;D.I. Limun Singkut;Jambi;1,899999976;3,299999952;1,399999976;2,396806563;0,350890196;2626,899993
257;115,1319158;-1,79850299;D.I. Karau;Pusat - BWS Kalimantan II (Kalteng);7674;Daerah Irigasi;D.I. Karau;Kalimantan Tengah;1,799999952;3,299999952;1,5;2,209836824;0,25880271;16792,55002
258;108,264103;3,91678931;D.I. Tapau;Pusat - BWS Sumatera IV (Kepri);24;Daerah Irigasi;D.I. Tapau;Kepulauan Riau;2,049999952;2,700000048;0,650000095;2,215217393;0,172220027;50,95000005
259;130,2806311;-3,04639235;D.I. Bubi;Pusat - BWS Maluku;3751;Daerah Irigasi;D.I. Bubi;Maluku;2,200000048;3,549999952;1,349999905;2,551405421;0,212464733;9440,200057
260;108,2642735;3,9106075;D.I. Tapau;Pusat - BWS Sumatera IV (Kepri);26;Daerah Irigasi;D.I. Tapau;Kepulauan Riau;2,049999952;2,700000048;0,650000095;2,215217393;0,172220027;50,95000005
261;129,9298972;-3,00617427;D.I. Kobi;Pusat - BWS Maluku;3131;Daerah Irigasi;D.I. Kobi;Maluku;2,049999952;3,599999905;1,549999952;2,840385275;0,352471131;8256,999995
262;130,1537963;-3,03175168;D.I. Matakabo;Pusat - BWS Maluku;3051;Daerah Irigasi;D.I. Matakabo;Maluku;2,200000048;3,599999905;1,399999857;2,645013675;0,285843828;7744,600041
263;129,8353969;-2,95112228;D.I. Samal;Pusat - BWS Maluku;4143;Daerah Irigasi;D.I. Samal;Maluku;2,150000095;3,599999905;1,449999809;2,949058558;0,310544233;11433,50003
264;126,037755;-3,37185624;D.I. Way Trukat Fogi;Pusat - BWS Maluku;3159;Daerah Irigasi;D.I. Way Trukat Fogi;Maluku;1,350000024;2,799999952;1,449999928;1,922523583;0,207642714;5706,049993
265;126,9285871;-3,45706957;D.I. Way Apu Sistem;Pusat - BWS Maluku;4640;Daerah Irigasi;D.I. Way Apu Sistem;Maluku;1,399999976;3,150000095;1,750000119;2,175884898;0,340476892;9528,199969
266;126,9278239;-3,39817741;D.I. Way Geren;Pusat - BWS Maluku;3218;Daerah Irigasi;D.I. Way Geren;Maluku;1,450000048;3;1,549999952;2,091730196;0,41363534;6310,750002
267;130,1715425;-3,36221796;D.I. Werinama;Pusat - BWS Maluku;5002;Daerah Irigasi;D.I. Werinama;Maluku;1,850000024;2,700000048;0,850000024;2,186583146;0,109923013;10821,39999
268;128,6825782;1,43678134;D.I. Akelamo Patlean Pumlanga (Usulan Baru);Pusat - BWS Maluku Utara;4762;Daerah Irigasi;D.I. Akelamo Patlean Pumlanga (Usulan Baru);Maluku Utara;1,200000048;2,849999905;1,649999857;1,976710696;0,178683612;9128,449994
269;127,8779894;0,14084026;D.I. Kesayangan Wairoro Tilope Kluting (Usulan Baru);Pusat - BWS Maluku Utara;3411;Daerah Irigasi;D.I. Kesayangan Wairoro Tilope Kluting (Usulan Baru);Maluku Utara;1,549999952;3,200000048;1,650000095;2,205324712;0,287220288;7165,099988
270;127,8145297;1,37082706;D.I. Toliwang Tolabit Leleseng (Usulan Baru);Pusat - BWS Maluku Utara;4454;Daerah Irigasi;D.I. Toliwang Tolabit Leleseng (Usulan Baru);Maluku Utara;1,600000024;3,200000048;1,600000024;2,126833442;0,301373716;9309,149974
271;128,1512612;1,07746476;D.I. Opiyang Mancalele;Pusat - BWS Maluku Utara;3118;Daerah Irigasi;D.I. Opiyang Mancalele;Maluku Utara;1,799999952;3,25;1,450000048;2,421615009;0,290564232;7422,250003
272;128,2143998;1,13352191;D.I. Akedaga Tutiling Meja;Pusat - BWS Maluku Utara;3523;Daerah Irigasi;D.I. Akedaga Tutiling Meja;Maluku Utara;1,799999952;3,200000048;1,400000095;2,378787874;0,281662205;8242,499984
273;122,9614752;-10,81099265;D.I. Danau Tua;Pusat - BWS Nusa Tenggara II (NTT);1369;Daerah Irigasi;D.I. Danau Tua;Nusa Tenggara Timur;1,799999952;3,049999952;1,25;2,666637618;0,200309458;3061,299986
274;124,9938581;-9,13832679;D.I. Haekesak;Pusat - BWS Nusa Tenggara II (NTT);2912;Daerah Irigasi;D.I. Haekesak;Nusa Tenggara Timur;1,850000024;3,099999905;1,249999881;2,595738745;0,220327408;6517,899989
275;124,5867519;-9,53328741;D.I. Haekto;Pusat - BWS Nusa Tenggara II (NTT);910;Daerah Irigasi;D.I. Haekto;Nusa Tenggara Timur;1,600000024;3,049999952;1,449999928;2,484741489;0,295116564;1970,400001
276;102,6690624;-2,3871171;D.I. Limun Singkut;Pusat - BWS Sumatera VI (Jambi);175;Daerah Irigasi;D.I. Limun Singkut;Jambi;1,899999976;3,299999952;1,399999976;2,396806563;0,350890196;2626,899993
277;123,7928802;-10,03804771;D.I. Batu Merah;Pusat - BWS Nusa Tenggara II (NTT);2471;Daerah Irigasi;D.I. Batu Merah;Nusa Tenggara Timur;1,549999952;3,049999952;1,5;2,554280984;0,282041952;5399,749999
278;124,2128244;-10,08871139;D.I. Bena;Pusat - BWS Nusa Tenggara II (NTT);1463;Daerah Irigasi;D.I. Bena;Nusa Tenggara Timur;1,700000048;3,049999952;1,349999905;2,705745442;0,192674221;3720,399983
279;124,9261305;-8,24152674;D.I. Benlelang;Pusat - BWS Nusa Tenggara II (NTT);76;Daerah Irigasi;D.I. Benlelang;Nusa Tenggara Timur;1,950000048;3;1,049999952;2,668518508;0,245382579;144,0999994
280;120,439774;-9,72501204;D.I. Kambaniru;Pusat - BWS Nusa Tenggara II (NTT);1567;Daerah Irigasi;D.I. Kambaniru;Nusa Tenggara Timur;1,450000048;3,049999952;1,599999905;2,599499994;0,309606194;2079,599995
281;120,1770191;-8,69233392;D.I. Lembor;Pusat - BWS Nusa Tenggara II (NTT);3862;Daerah Irigasi;D.I. Lembor;Nusa Tenggara Timur;1,549999952;3,200000048;1,650000095;2,567775925;0,39193745;9259,399985
282;121,9485016;-10,48381869;D.I. Lokopehapo;Pusat - BWS Nusa Tenggara II (NTT);65;Daerah Irigasi;D.I. Lokopehapo;Nusa Tenggara Timur;2;2,849999905;0,849999905;2,450925937;0,206713848;132,3500006
283;124,8068418;-9,32961883;D.I. Lurasik;Pusat - BWS Nusa Tenggara II (NTT);2426;Daerah Irigasi;D.I. Lurasik;Nusa Tenggara Timur;1,850000024;3,049999952;1,199999928;2,613782471;0,202731896;5935,899993
284;122,2757974;-8,54633961;D.I. Magepanda;Pusat - BWS Nusa Tenggara II (NTT);691;Daerah Irigasi;D.I. Magepanda;Nusa Tenggara Timur;1,75;3,099999905;1,349999905;2,601481477;0,339808815;1404,799997
285;124,9108523;-9,5973195;D.I. Malaka;Pusat - BWS Nusa Tenggara II (NTT);3528;Daerah Irigasi;D.I. Malaka;Nusa Tenggara Timur;1,799999952;3,099999905;1,299999952;2,723434436;0,271143549;8350,049982
286;123,700417;-10,13537374;D.I. Manikin;Pusat - BWS Nusa Tenggara II (NTT);722;Daerah Irigasi;D.I. Manikin;Nusa Tenggara Timur;1,649999976;3,049999952;1,399999976;2,791171987;0,277090222;1833,799996
287;121,7430196;-8,57113493;D.I. Mautenda;Pusat - BWS Nusa Tenggara II (NTT);1536;Daerah Irigasi;D.I. Mautenda;Nusa Tenggara Timur;1,75;3,150000095;1,400000095;2,526801481;0,311124148;3436,450015
288;121,3063305;-8,53777997;D.I. Mbay;Pusat - BWS Nusa Tenggara II (NTT);3540;Daerah Irigasi;D.I. Mbay;Nusa Tenggara Timur;1,549999952;3,099999905;1,549999952;2,691965732;0,275082115;8326,250009
289;124,6640467;-9,15894554;D.I. Mena;Pusat - BWS Nusa Tenggara II (NTT);1793;Daerah Irigasi;D.I. Mena;Nusa Tenggara Timur;1,899999976;3,049999952;1,149999976;2,622973784;0,208274715;4304,29998
290;121,0600176;-8,70494458;D.I. So'a;Pusat - BWS Nusa Tenggara II (NTT);2287;Daerah Irigasi;D.I. So'a;Nusa Tenggara Timur;1,799999952;3,150000095;1,350000143;2,552972831;0,408985912;4980,849994
291;119,8836604;-8,57479329;D.I. Nggorang;Pusat - BWS Nusa Tenggara II (NTT);1698;Daerah Irigasi;D.I. Nggorang;Nusa Tenggara Timur;1,649999976;3,150000095;1,500000119;2,438229236;0,380175907;3552,499997
292;123,8023964;-10,11015082;D.I. Oesao;Pusat - BWS Nusa Tenggara II (NTT);3430;Daerah Irigasi;D.I. Oesao;Nusa Tenggara Timur;1,600000024;3,049999952;1,449999928;2,547270109;0,31674438;7978,049983
293;120,8273838;-8,62791499;D.I. Pota;Pusat - BWS Nusa Tenggara II (NTT);1079;Daerah Irigasi;D.I. Pota;Nusa Tenggara Timur;1,75;2,950000048;1,200000048;2,413626619;0,35843147;2249,500009
294;120,3961129;-10,07618153;D.I. Tanah Raing;Pusat - BWS Nusa Tenggara II (NTT);779;Daerah Irigasi;D.I. Tanah Raing;Nusa Tenggara Timur;1,700000048;3,049999952;1,349999905;2,545383422;0,290118655;1626,500007
295;120,5790684;-8,76482537;D.I. Wae Dingin;Pusat - BWS Nusa Tenggara II (NTT);892;Daerah Irigasi;D.I. Wae Dingin;Nusa Tenggara Timur;1,799999952;3,049999952;1,25;2,227977307;0,300223407;1178,599995
296;101,6637527;-0,44822462;D.I. Simpang;Pusat - BWS Sumatera III (Riau);1060;Daerah Irigasi;D.I. Simpang;Riau;1,649999976;3,299999952;1,649999976;2,25353424;0,327922153;10170,20003
297;123,7629671;-10,1426938;D.I. Tilong;Pusat - BWS Nusa Tenggara II (NTT);269;Daerah Irigasi;D.I. Tilong;Nusa Tenggara Timur;1,850000024;3;1,149999976;2,675219284;0,195256117;609,9499968
298;123,5169629;-8,36706478;D.I. Waekomo;Pusat - BWS Nusa Tenggara II (NTT);67;Daerah Irigasi;D.I. Waekomo;Nusa Tenggara Timur;1,75;2,900000095;1,150000095;2,263829777;0,298346899;106,3999995
299;120,3993603;-8,76474251;D.I. Wae Mantar;Pusat - BWS Nusa Tenggara II (NTT);2724;Daerah Irigasi;D.I. Wae Mantar;Nusa Tenggara Timur;1,5;3,25;1,75;2,349400909;0,361728576;5098,199972
300;133,7216861;-0,79593995;D.I. Wariori;Pusat Papua Barat;3488;Daerah Irigasi;D.I. Wariori;Papua Barat;1,75;3;1,25;2,221613758;0,196481749;7626,800032
301;134,2300454;-1,32189945;D.I. Oransbari;Pusat Papua Barat;3288;Daerah Irigasi;D.I. Oransbari;Papua Barat;1,399999976;3,299999952;1,899999976;2,201456154;0,311979007;6954,39999
302;119,2013564;-3,41349467;D.I. Maloso;Pusat - BWS Sulawesi III (Sulbar);9306;Daerah Irigasi;D.I. Maloso;Sulawesi Barat;1,600000024;3,349999905;1,749999881;2,976836218;0,251366117;26100,89996
303;133,8876069;-0,90967092;D.I. Prafi;Pusat Papua Barat;764;Daerah Irigasi;D.I. Prafi;Papua Barat;1,950000048;3,200000048;1,25;2,488520074;0,329716986;1799,200014
304;119,9063025;-1,06000803;D.I. Gumbasa;Pusat - BWS Sulawesi III (Sulteng);9007;Daerah Irigasi;D.I. Gumbasa;Sulawesi Tengah;1,5;3,299999952;1,799999952;2,351550157;0,418974416;19948,19998
305;121,687667;-2,2352563;D.I. Karaopa;Pusat - BWS Sulawesi III (Sulteng);3455;Daerah Irigasi;D.I. Karaopa;Sulawesi Tengah;1,899999976;3,299999952;1,399999976;2,74965805;0,399033219;9247,100023
306;102,1437847;-0,49157516;D.I. Kelayang;Pusat - BWS Sumatera III (Riau);166;Daerah Irigasi;D.I. Kelayang;Riau;1,549999952;3,049999952;1,5;2,102085897;0,188692237;8515,549969
307;133,8125877;-0,8692745;D.I. Aimasi Cs;Pusat Papua Barat;1707;Daerah Irigasi;D.I. Aimasi Cs;Papua Barat;1,899999976;3,150000095;1,250000119;2,181390422;0,177536464;3592,750025
308;102,1997862;-0,48061066;D.I. Kelayang;Pusat - BWS Sumatera III (Riau);3910;Daerah Irigasi;D.I. Kelayang;Riau;1,549999952;3,049999952;1,5;2,102085897;0,188692237;8515,549969
309;101,6566637;-0,43707633;D.I. Simpang;Pusat - BWS Sumatera III (Riau);3573;Daerah Irigasi;D.I. Simpang;Riau;1,649999976;3,299999952;1,649999976;2,25353424;0,327922153;10170,20003
310;122,202847;-1,57065503;D.I. Mentawa;Pusat - BWS Sulawesi III (Sulteng);3863;Daerah Irigasi;D.I. Mentawa;Sulawesi Tengah;1,649999976;3,299999952;1,649999976;2,567355808;0,433405965;9748,250003
311;122,4663402;-1,36835511;D.I. Sinorang Ombolu;Pusat - BWS Sulawesi III (Sulteng);3666;Daerah Irigasi;D.I. Sinorang Ombolu;Sulawesi Tengah;1,450000048;3,299999952;1,849999905;2,745550615;0,455771538;9873,000013
312;120,3972754;-0,99748504;D.I. Sausu Atas;Pusat - BWS Sulawesi III (Sulteng);8445;Daerah Irigasi;D.I. Sausu Atas;Sulawesi Tengah;1,450000048;3,299999952;1,849999905;2,798825533;0,333337318;23115,50007
313;120,9402904;0,49062187;D.I. Lambunu;Pusat - BWS Sulawesi III (Sulteng);6416;Daerah Irigasi;D.I. Lambunu;Sulawesi Tengah;1,75;3,299999952;1,549999952;2,572793883;0,44839066;16152
314;121,6554499;-4,12629786;D.I. Wundulako;Pusat Sulawesi Tenggara;3111;Daerah Irigasi;D.I. Wundulako;Sulawesi Utara;1,950000048;3,349999905;1,399999857;2,823448154;0,443032075;8278,349988
315;122,0195524;-3,78053405;D.I. Walay;Pusat Sulawesi Tenggara;3688;Daerah Irigasi;D.I. Walay;Sulawesi Utara;1,850000024;3,349999905;1,499999881;3,021498599;0,363135845;10786,75
316;121,7506966;-4,78267683;D.I. Poleang;Pusat Sulawesi Tenggara;3317;Daerah Irigasi;D.I. Poleang;Sulawesi Utara;1,950000048;3,349999905;1,399999857;3,137285733;0,304196381;10067,54992
317;122,2169253;-4,07572648;D.I. Mowila;Pusat Sulawesi Tenggara;3302;Daerah Irigasi;D.I. Mowila;Sulawesi Utara;1,899999976;3,349999905;1,449999928;2,657654976;0,456448711;8488,549994
318;121,9336962;-4,14829894;D.I. Ladongi;Pusat Sulawesi Tenggara;3670;Daerah Irigasi;D.I. Ladongi;Sulawesi Utara;1,899999976;3,349999905;1,449999928;3,070219843;0,313433045;10613,75
319;122,3300859;-1,48935704;D.I. Singkoyo;Pusat - BWS Sulawesi III (Sulteng);3910;Daerah Irigasi;D.I. Singkoyo;Sulawesi Tengah;1,850000024;3,299999952;1,449999928;3,011477103;0,322747203;11702,60002
320;122,0302837;-4,35874968;D.I. Aporo-Lambandia;Pusat Sulawesi Tenggara;6796;Daerah Irigasi;D.I. Aporo-Lambandia;Sulawesi Utara;1,950000048;3,349999905;1,399999857;3,001655318;0,377695266;19855,94993
321;122,1341662;-3,91118078;D.I. Wawotobi Ameroro;Pusat Sulawesi Tenggara;22890;Daerah Irigasi;D.I. Wawotobi Ameroro;Sulawesi Utara;1,799999952;3,349999905;1,549999952;2,77327359;0,450503827;60962,10005
