<?xml version="1.0" encoding="UTF-8"?>
<metadata xml:lang="en"><Esri><CreaDate>20231201</CreaDate><CreaTime>09475400</CreaTime><ArcGISFormat>1.0</ArcGISFormat><SyncOnce>TRUE</SyncOnce><DataProperties><lineage><Process ToolSource="c:\program files (x86)\arcgis\desktop10.7\ArcToolbox\Toolboxes\Conversion Tools.tbx\RasterToPolygon" Date="20231201" Time="094754">RasterToPolygon SIAA_INA_Reclass100.tif "D:\BPIW @Work\App Development\Data\1_IRIGASI\1_Results\SIAA_INA_100classes.shp" SIMPLIFY Value SINGLE_OUTER_PART #</Process></lineage></DataProperties></Esri></metadata>
